,Date,T10Y2Y
0,1994-01-07,1.61
1,1994-01-14,1.61
2,1994-01-21,1.64
3,1994-01-28,1.6
4,1994-02-04,1.52
5,1994-02-11,1.44
6,1994-02-18,1.52
7,1994-02-25,1.49
8,1994-03-04,1.5
9,1994-03-11,1.51
10,1994-03-18,1.46
11,1994-03-25,1.51
12,1994-04-01,1.56
13,1994-04-08,1.51
14,1994-04-15,1.46
15,1994-04-22,1.31
16,1994-04-29,1.33
17,1994-05-06,1.23
18,1994-05-13,1.24
19,1994-05-20,1.22
20,1994-05-27,1.15
21,1994-06-03,1.14
22,1994-06-10,1.18
23,1994-06-17,1.26
24,1994-06-24,1.16
25,1994-07-01,1.15
26,1994-07-08,1.17
27,1994-07-15,1.21
28,1994-07-22,1.14
29,1994-07-29,1.13
30,1994-08-05,1.1
31,1994-08-12,1.05
32,1994-08-19,1.04
33,1994-08-26,1.03
34,1994-09-02,1.04
35,1994-09-09,1.09
36,1994-09-16,1.1
37,1994-09-23,1.05
38,1994-09-30,1.0
39,1994-10-07,1.05
40,1994-10-14,1.04
41,1994-10-21,1.01
42,1994-10-28,1.0
43,1994-11-04,0.99
44,1994-11-11,0.92
45,1994-11-18,0.78
46,1994-11-25,0.61
47,1994-12-02,0.37
48,1994-12-09,0.26
49,1994-12-16,0.22
50,1994-12-23,0.11
51,1994-12-30,0.15
52,1995-01-06,0.23
53,1995-01-13,0.3
54,1995-01-20,0.32
55,1995-01-27,0.37
56,1995-02-03,0.35
57,1995-02-10,0.29
58,1995-02-17,0.36
59,1995-02-24,0.44
60,1995-03-03,0.47
61,1995-03-10,0.4
62,1995-03-17,0.43
63,1995-03-24,0.45
64,1995-03-31,0.4
65,1995-04-07,0.46
66,1995-04-14,0.52
67,1995-04-21,0.57
68,1995-04-28,0.47
69,1995-05-05,0.53
70,1995-05-12,0.47
71,1995-05-19,0.42
72,1995-05-26,0.43
73,1995-06-02,0.56
74,1995-06-09,0.39
75,1995-06-16,0.44
76,1995-06-23,0.42
77,1995-06-30,0.42
78,1995-07-07,0.5
79,1995-07-14,0.45
80,1995-07-21,0.58
81,1995-07-28,0.57
82,1995-08-04,0.59
83,1995-08-11,0.54
84,1995-08-18,0.44
85,1995-08-25,0.48
86,1995-09-01,0.44
87,1995-09-08,0.39
88,1995-09-15,0.4
89,1995-09-22,0.4
90,1995-09-29,0.34
91,1995-10-06,0.33
92,1995-10-13,0.3
93,1995-10-20,0.32
94,1995-10-27,0.41
95,1995-11-03,0.45
96,1995-11-10,0.48
97,1995-11-17,0.46
98,1995-11-24,0.42
99,1995-12-01,0.39
100,1995-12-08,0.34
101,1995-12-15,0.39
102,1995-12-22,0.43
103,1995-12-29,0.4
104,1996-01-05,0.49
105,1996-01-12,0.58
106,1996-01-19,0.51
107,1996-01-26,0.57
108,1996-02-02,0.76
109,1996-02-09,0.81
110,1996-02-16,0.86
111,1996-02-23,0.84
112,1996-03-01,0.73
113,1996-03-08,0.68
114,1996-03-15,0.59
115,1996-03-22,0.58
116,1996-03-29,0.55
117,1996-04-05,0.48
118,1996-04-12,0.56
119,1996-04-19,0.58
120,1996-04-26,0.62
121,1996-05-03,0.7
122,1996-05-10,0.71
123,1996-05-17,0.61
124,1996-05-24,0.62
125,1996-05-31,0.58
126,1996-06-07,0.53
127,1996-06-14,0.66
128,1996-06-21,0.61
129,1996-06-28,0.62
130,1996-07-05,0.62
131,1996-07-12,0.59
132,1996-07-19,0.6
133,1996-07-26,0.6
134,1996-08-02,0.6
135,1996-08-09,0.57
136,1996-08-16,0.61
137,1996-08-23,0.63
138,1996-08-30,0.62
139,1996-09-06,0.61
140,1996-09-13,0.64
141,1996-09-20,0.59
142,1996-09-27,0.61
143,1996-10-04,0.63
144,1996-10-11,0.63
145,1996-10-18,0.61
146,1996-10-25,0.64
147,1996-11-01,0.59
148,1996-11-08,0.53
149,1996-11-15,0.51
150,1996-11-22,0.46
151,1996-11-29,0.47
152,1996-12-06,0.53
153,1996-12-13,0.56
154,1996-12-20,0.52
155,1996-12-27,0.49
156,1997-01-03,0.57
157,1997-01-10,0.57
158,1997-01-17,0.56
159,1997-01-24,0.57
160,1997-01-31,0.59
161,1997-02-07,0.57
162,1997-02-14,0.49
163,1997-02-21,0.51
164,1997-02-28,0.47
165,1997-03-07,0.47
166,1997-03-14,0.53
167,1997-03-21,0.45
168,1997-03-28,0.45
169,1997-04-04,0.48
170,1997-04-11,0.45
171,1997-04-18,0.42
172,1997-04-25,0.4
173,1997-05-02,0.42
174,1997-05-09,0.43
175,1997-05-16,0.42
176,1997-05-23,0.49
177,1997-05-30,0.45
178,1997-06-06,0.39
179,1997-06-13,0.4
180,1997-06-20,0.35
181,1997-06-27,0.43
182,1997-07-04,0.38
183,1997-07-11,0.34
184,1997-07-18,0.33
185,1997-07-25,0.31
186,1997-08-01,0.31
187,1997-08-08,0.36
188,1997-08-15,0.4
189,1997-08-22,0.4
190,1997-08-29,0.37
191,1997-09-05,0.39
192,1997-09-12,0.36
193,1997-09-19,0.28
194,1997-09-26,0.28
195,1997-10-03,0.29
196,1997-10-10,0.29
197,1997-10-17,0.26
198,1997-10-24,0.22
199,1997-10-31,0.21
200,1997-11-07,0.19
201,1997-11-14,0.16
202,1997-11-21,0.14
203,1997-11-28,0.1
204,1997-12-05,0.12
205,1997-12-12,0.11
206,1997-12-19,0.06
207,1997-12-26,0.06
208,1998-01-02,0.08
209,1998-01-09,0.23
210,1998-01-16,0.19
211,1998-01-23,0.28
212,1998-01-30,0.21
213,1998-02-06,0.24
214,1998-02-13,0.13
215,1998-02-20,0.13
216,1998-02-27,0.07
217,1998-03-06,0.15
218,1998-03-13,0.08
219,1998-03-20,0.05
220,1998-03-27,0.05
221,1998-04-03,0.05
222,1998-04-10,0.09
223,1998-04-17,0.05
224,1998-04-24,0.06
225,1998-05-01,0.08
226,1998-05-08,0.1
227,1998-05-15,0.05
228,1998-05-22,0.01
229,1998-05-29,0.03
230,1998-06-05,0.0
231,1998-06-12,0.0
232,1998-06-19,-0.05
233,1998-06-26,-0.05
234,1998-07-03,-0.02
235,1998-07-10,0.01
236,1998-07-17,0.05
237,1998-07-24,-0.03
238,1998-07-31,0.01
239,1998-08-07,0.06
240,1998-08-14,0.06
241,1998-08-21,0.07
242,1998-08-28,0.16
243,1998-09-04,0.11
244,1998-09-11,0.17
245,1998-09-18,0.09
246,1998-09-25,0.17
247,1998-10-02,0.14
248,1998-10-09,0.58
249,1998-10-16,0.58
250,1998-10-23,0.5
251,1998-10-30,0.52
252,1998-11-06,0.34
253,1998-11-13,0.28
254,1998-11-20,0.16
255,1998-11-27,0.19
256,1998-12-04,0.16
257,1998-12-11,0.15
258,1998-12-18,0.13
259,1998-12-25,0.08
260,1999-01-01,0.11
261,1999-01-08,0.15
262,1999-01-15,0.1
263,1999-01-22,0.05
264,1999-01-29,0.08
265,1999-02-05,0.14
266,1999-02-12,0.15
267,1999-02-19,0.12
268,1999-02-26,0.16
269,1999-03-05,0.2
270,1999-03-12,0.16
271,1999-03-19,0.13
272,1999-03-26,0.22
273,1999-04-02,0.24
274,1999-04-09,0.17
275,1999-04-16,0.21
276,1999-04-23,0.22
277,1999-04-30,0.28
278,1999-05-07,0.35
279,1999-05-14,0.32
280,1999-05-21,0.22
281,1999-05-28,0.22
282,1999-06-04,0.26
283,1999-06-11,0.32
284,1999-06-18,0.28
285,1999-06-25,0.29
286,1999-07-02,0.24
287,1999-07-09,0.23
288,1999-07-16,0.18
289,1999-07-23,0.26
290,1999-07-30,0.29
291,1999-08-06,0.33
292,1999-08-13,0.27
293,1999-08-20,0.23
294,1999-08-27,0.2
295,1999-09-03,0.25
296,1999-09-10,0.25
297,1999-09-17,0.24
298,1999-09-24,0.2
299,1999-10-01,0.27
300,1999-10-08,0.24
301,1999-10-15,0.27
302,1999-10-22,0.25
303,1999-10-29,0.23
304,1999-11-05,0.2
305,1999-11-12,0.15
306,1999-11-19,0.15
307,1999-11-26,0.13
308,1999-12-03,0.18
309,1999-12-10,0.15
310,1999-12-17,0.15
311,1999-12-24,0.17
312,1999-12-31,0.21
313,2000-01-07,0.21
314,2000-01-14,0.25
315,2000-01-21,0.31
316,2000-01-28,0.08
317,2000-02-04,-0.1
318,2000-02-11,-0.02
319,2000-02-18,-0.17
320,2000-02-25,-0.09
321,2000-03-03,-0.11
322,2000-03-10,-0.16
323,2000-03-17,-0.3
324,2000-03-24,-0.44
325,2000-03-31,-0.47
326,2000-04-07,-0.52
327,2000-04-14,-0.42
328,2000-04-21,-0.39
329,2000-04-28,-0.45
330,2000-05-05,-0.33
331,2000-05-12,-0.4
332,2000-05-19,-0.35
333,2000-05-26,-0.36
334,2000-06-02,-0.37
335,2000-06-09,-0.43
336,2000-06-16,-0.39
337,2000-06-23,-0.36
338,2000-06-30,-0.35
339,2000-07-07,-0.28
340,2000-07-14,-0.31
341,2000-07-21,-0.31
342,2000-07-28,-0.26
343,2000-08-04,-0.24
344,2000-08-11,-0.46
345,2000-08-18,-0.49
346,2000-08-25,-0.46
347,2000-09-01,-0.41
348,2000-09-08,-0.38
349,2000-09-15,-0.23
350,2000-09-22,-0.24
351,2000-09-29,-0.18
352,2000-10-06,-0.16
353,2000-10-13,-0.11
354,2000-10-20,-0.2
355,2000-10-27,-0.22
356,2000-11-03,-0.11
357,2000-11-10,-0.1
358,2000-11-17,-0.17
359,2000-11-24,-0.23
360,2000-12-01,-0.1
361,2000-12-08,-0.15
362,2000-12-15,-0.18
363,2000-12-22,-0.08
364,2000-12-29,0.01
365,2001-01-05,0.37
366,2001-01-12,0.35
367,2001-01-19,0.44
368,2001-01-26,0.51
369,2001-02-02,0.52
370,2001-02-09,0.36
371,2001-02-16,0.36
372,2001-02-23,0.57
373,2001-03-02,0.47
374,2001-03-09,0.48
375,2001-03-16,0.52
376,2001-03-23,0.56
377,2001-03-30,0.75
378,2001-04-06,0.82
379,2001-04-13,0.81
380,2001-04-20,1.03
381,2001-04-27,1.06
382,2001-05-04,1.07
383,2001-05-11,1.15
384,2001-05-18,1.04
385,2001-05-25,1.21
386,2001-06-01,1.17
387,2001-06-08,1.21
388,2001-06-15,1.26
389,2001-06-22,1.21
390,2001-06-29,1.17
391,2001-07-06,1.25
392,2001-07-13,1.15
393,2001-07-20,1.17
394,2001-07-27,1.26
395,2001-08-03,1.29
396,2001-08-10,1.26
397,2001-08-17,1.17
398,2001-08-24,1.17
399,2001-08-31,1.21
400,2001-09-07,1.27
401,2001-09-14,1.7
402,2001-09-21,1.79
403,2001-09-28,1.74
404,2001-10-05,1.81
405,2001-10-12,1.87
406,2001-10-19,1.86
407,2001-10-26,1.9
408,2001-11-02,1.89
409,2001-11-09,1.89
410,2001-11-16,1.82
411,2001-11-23,1.84
412,2001-11-30,1.94
413,2001-12-07,2.01
414,2001-12-14,2.04
415,2001-12-21,1.95
416,2001-12-28,1.99
417,2002-01-04,1.99
418,2002-01-11,2.16
419,2002-01-18,2.03
420,2002-01-25,1.93
421,2002-02-01,1.94
422,2002-02-08,1.95
423,2002-02-15,1.89
424,2002-02-22,1.87
425,2002-03-01,1.8
426,2002-03-08,1.73
427,2002-03-15,1.72
428,2002-03-22,1.63
429,2002-03-29,1.7
430,2002-04-05,1.73
431,2002-04-12,1.77
432,2002-04-19,1.85
433,2002-04-26,1.86
434,2002-05-03,1.91
435,2002-05-10,1.96
436,2002-05-17,1.86
437,2002-05-24,1.88
438,2002-05-31,1.86
439,2002-06-07,1.94
440,2002-06-14,1.91
441,2002-06-21,1.91
442,2002-06-28,1.96
443,2002-07-05,2.0
444,2002-07-12,2.07
445,2002-07-19,2.13
446,2002-07-26,2.23
447,2002-08-02,2.34
448,2002-08-09,2.17
449,2002-08-16,2.04
450,2002-08-23,2.06
451,2002-08-30,2.0
452,2002-09-06,1.97
453,2002-09-13,1.85
454,2002-09-20,1.85
455,2002-09-27,1.87
456,2002-10-04,1.91
457,2002-10-11,1.98
458,2002-10-18,2.05
459,2002-10-25,2.14
460,2002-11-01,2.25
461,2002-11-08,1.98
462,2002-11-15,2.14
463,2002-11-22,2.08
464,2002-11-29,2.14
465,2002-12-06,2.2
466,2002-12-13,2.2
467,2002-12-20,2.21
468,2002-12-27,2.23
469,2003-01-03,2.26
470,2003-01-10,2.37
471,2003-01-17,2.35
472,2003-01-24,2.28
473,2003-01-31,2.28
474,2003-02-07,2.33
475,2003-02-14,2.33
476,2003-02-21,2.27
477,2003-02-28,2.18
478,2003-03-07,2.24
479,2003-03-14,2.16
480,2003-03-21,2.31
481,2003-03-28,2.36
482,2003-04-04,2.41
483,2003-04-11,2.35
484,2003-04-18,2.27
485,2003-04-25,2.34
486,2003-05-02,2.38
487,2003-05-09,2.24
488,2003-05-16,2.08
489,2003-05-23,1.96
490,2003-05-30,2.04
491,2003-06-06,2.1
492,2003-06-13,2.03
493,2003-06-20,2.18
494,2003-06-27,2.2
495,2003-07-04,2.35
496,2003-07-11,2.37
497,2003-07-18,2.49
498,2003-07-25,2.7
499,2003-08-01,2.59
500,2003-08-08,2.55
501,2003-08-15,2.7
502,2003-08-22,2.51
503,2003-08-29,2.5
504,2003-09-05,2.63
505,2003-09-12,2.61
506,2003-09-19,2.47
507,2003-09-26,2.44
508,2003-10-03,2.56
509,2003-10-10,2.64
510,2003-10-17,2.51
511,2003-10-24,2.48
512,2003-10-31,2.48
513,2003-11-07,2.44
514,2003-11-14,2.38
515,2003-11-21,2.31
516,2003-11-28,2.28
517,2003-12-05,2.35
518,2003-12-12,2.42
519,2003-12-19,2.33
520,2003-12-26,2.35
521,2004-01-02,2.44
522,2004-01-09,2.43
523,2004-01-16,2.34
524,2004-01-23,2.38
525,2004-01-30,2.32
526,2004-02-06,2.35
527,2004-02-13,2.35
528,2004-02-20,2.35
529,2004-02-27,2.33
530,2004-03-05,2.28
531,2004-03-12,2.24
532,2004-03-19,2.24
533,2004-03-26,2.26
534,2004-04-02,2.29
535,2004-04-09,2.33
536,2004-04-16,2.34
537,2004-04-23,2.19
538,2004-04-30,2.22
539,2004-05-07,2.15
540,2004-05-14,2.2
541,2004-05-21,2.16
542,2004-05-28,2.12
543,2004-06-04,2.08
544,2004-06-11,2.0
545,2004-06-18,1.91
546,2004-06-25,1.92
547,2004-07-02,1.94
548,2004-07-09,1.94
549,2004-07-16,1.84
550,2004-07-23,1.76
551,2004-07-30,1.82
552,2004-08-06,1.84
553,2004-08-13,1.75
554,2004-08-20,1.78
555,2004-08-27,1.75
556,2004-09-03,1.69
557,2004-09-10,1.69
558,2004-09-17,1.61
559,2004-09-24,1.42
560,2004-10-01,1.58
561,2004-10-08,1.54
562,2004-10-15,1.54
563,2004-10-22,1.45
564,2004-10-29,1.49
565,2004-11-05,1.41
566,2004-11-12,1.34
567,2004-11-19,1.25
568,2004-11-26,1.21
569,2004-12-03,1.33
570,2004-12-10,1.21
571,2004-12-17,1.18
572,2004-12-24,1.21
573,2004-12-31,1.16
574,2005-01-07,1.09
575,2005-01-14,0.99
576,2005-01-21,1.0
577,2005-01-28,0.91
578,2005-02-04,0.8
579,2005-02-11,0.76
580,2005-02-18,0.82
581,2005-02-25,0.73
582,2005-03-04,0.75
583,2005-03-11,0.83
584,2005-03-18,0.79
585,2005-03-25,0.72
586,2005-04-01,0.71
587,2005-04-08,0.73
588,2005-04-15,0.73
589,2005-04-22,0.64
590,2005-04-29,0.55
591,2005-05-06,0.55
592,2005-05-13,0.51
593,2005-05-20,0.44
594,2005-05-27,0.44
595,2005-06-03,0.41
596,2005-06-10,0.34
597,2005-06-17,0.37
598,2005-06-24,0.33
599,2005-07-01,0.3
600,2005-07-08,0.33
601,2005-07-15,0.32
602,2005-07-22,0.31
603,2005-07-29,0.26
604,2005-08-05,0.29
605,2005-08-12,0.19
606,2005-08-19,0.18
607,2005-08-26,0.14
608,2005-09-02,0.28
609,2005-09-09,0.26
610,2005-09-16,0.29
611,2005-09-23,0.23
612,2005-09-30,0.16
613,2005-10-07,0.17
614,2005-10-14,0.21
615,2005-10-21,0.17
616,2005-10-28,0.18
617,2005-11-04,0.19
618,2005-11-11,0.11
619,2005-11-18,0.1
620,2005-11-25,0.1
621,2005-12-02,0.09
622,2005-12-09,0.11
623,2005-12-16,0.08
624,2005-12-23,0.01
625,2005-12-30,-0.02
626,2006-01-06,0.02
627,2006-01-13,0.02
628,2006-01-20,0.0
629,2006-01-27,0.01
630,2006-02-03,-0.05
631,2006-02-10,-0.1
632,2006-02-17,-0.12
633,2006-02-24,-0.16
634,2006-03-03,-0.08
635,2006-03-10,0.02
636,2006-03-17,0.03
637,2006-03-24,-0.05
638,2006-03-31,0.04
639,2006-04-07,0.08
640,2006-04-14,0.09
641,2006-04-21,0.11
642,2006-04-28,0.2
643,2006-05-05,0.18
644,2006-05-12,0.18
645,2006-05-19,0.09
646,2006-05-26,0.1
647,2006-06-02,0.08
648,2006-06-09,-0.03
649,2006-06-16,-0.03
650,2006-06-23,-0.04
651,2006-06-30,-0.01
652,2006-07-07,-0.03
653,2006-07-14,-0.01
654,2006-07-21,-0.03
655,2006-07-28,0.02
656,2006-08-04,0.0
657,2006-08-11,0.01
658,2006-08-18,-0.03
659,2006-08-25,-0.07
660,2006-09-01,-0.04
661,2006-09-08,-0.02
662,2006-09-15,-0.07
663,2006-09-22,-0.07
664,2006-09-29,-0.07
665,2006-10-06,-0.04
666,2006-10-13,-0.06
667,2006-10-20,-0.08
668,2006-10-27,-0.08
669,2006-11-03,-0.1
670,2006-11-10,-0.14
671,2006-11-17,-0.15
672,2006-11-24,-0.18
673,2006-12-01,-0.09
674,2006-12-08,-0.12
675,2006-12-15,-0.13
676,2006-12-22,-0.08
677,2006-12-29,-0.11
678,2007-01-05,-0.11
679,2007-01-12,-0.11
680,2007-01-19,-0.15
681,2007-01-26,-0.11
682,2007-02-02,-0.11
683,2007-02-09,-0.13
684,2007-02-16,-0.14
685,2007-02-23,-0.14
686,2007-03-02,-0.04
687,2007-03-09,-0.07
688,2007-03-16,-0.03
689,2007-03-23,0.02
690,2007-03-30,0.07
691,2007-04-06,0.01
692,2007-04-13,0.0
693,2007-04-20,0.04
694,2007-04-27,0.04
695,2007-05-04,-0.03
696,2007-05-11,-0.04
697,2007-05-18,-0.01
698,2007-05-25,0.01
699,2007-06-01,-0.02
700,2007-06-08,0.11
701,2007-06-15,0.11
702,2007-06-22,0.22
703,2007-06-29,0.16
704,2007-07-06,0.2
705,2007-07-13,0.17
706,2007-07-20,0.17
707,2007-07-27,0.24
708,2007-08-03,0.25
709,2007-08-10,0.34
710,2007-08-17,0.5
711,2007-08-24,0.33
712,2007-08-31,0.39
713,2007-09-07,0.48
714,2007-09-14,0.42
715,2007-09-21,0.58
716,2007-09-28,0.62
717,2007-10-05,0.57
718,2007-10-12,0.47
719,2007-10-19,0.61
720,2007-10-26,0.64
721,2007-11-02,0.65
722,2007-11-09,0.81
723,2007-11-16,0.82
724,2007-11-23,0.94
725,2007-11-30,0.93
726,2007-12-07,1.0
727,2007-12-14,0.93
728,2007-12-21,0.99
729,2007-12-28,0.99
730,2008-01-04,1.14
731,2008-01-11,1.23
732,2008-01-18,1.3
733,2008-01-25,1.38
734,2008-02-01,1.53
735,2008-02-08,1.71
736,2008-02-15,1.85
737,2008-02-22,1.81
738,2008-02-29,1.88
739,2008-03-07,2.03
740,2008-03-14,1.97
741,2008-03-21,1.75
742,2008-03-28,1.8
743,2008-04-04,1.67
744,2008-04-11,1.73
745,2008-04-18,1.58
746,2008-04-25,1.47
747,2008-05-02,1.42
748,2008-05-09,1.52
749,2008-05-16,1.38
750,2008-05-23,1.39
751,2008-05-30,1.4
752,2008-06-06,1.54
753,2008-06-13,1.22
754,2008-06-20,1.28
755,2008-06-27,1.34
756,2008-07-04,1.45
757,2008-07-11,1.37
758,2008-07-18,1.45
759,2008-07-25,1.43
760,2008-08-01,1.46
761,2008-08-08,1.43
762,2008-08-15,1.44
763,2008-08-22,1.45
764,2008-08-29,1.47
765,2008-09-05,1.43
766,2008-09-12,1.51
767,2008-09-19,1.62
768,2008-09-26,1.74
769,2008-10-03,2.03
770,2008-10-10,2.27
771,2008-10-17,2.34
772,2008-10-24,2.19
773,2008-10-31,2.45
774,2008-11-07,2.5
775,2008-11-14,2.5
776,2008-11-21,2.11
777,2008-11-28,1.93
778,2008-12-05,1.74
779,2008-12-12,1.82
780,2008-12-19,1.39
781,2008-12-26,1.27
782,2009-01-02,1.58
783,2009-01-09,1.68
784,2009-01-16,1.63
785,2009-01-23,1.82
786,2009-01-30,1.93
787,2009-02-06,2.06
788,2009-02-13,1.92
789,2009-02-20,1.82
790,2009-02-27,2.02
791,2009-03-06,1.92
792,2009-03-13,1.91
793,2009-03-20,1.76
794,2009-03-27,1.88
795,2009-04-03,1.95
796,2009-04-10,2.0
797,2009-04-17,1.99
798,2009-04-24,2.04
799,2009-05-01,2.29
800,2009-05-08,2.29
801,2009-05-15,2.26
802,2009-05-22,2.53
803,2009-05-29,2.55
804,2009-06-05,2.52
805,2009-06-12,2.51
806,2009-06-19,2.54
807,2009-06-26,2.42
808,2009-07-03,2.53
809,2009-07-10,2.41
810,2009-07-17,2.65
811,2009-07-24,2.65
812,2009-07-31,2.39
813,2009-08-07,2.57
814,2009-08-14,2.48
815,2009-08-21,2.43
816,2009-08-28,2.45
817,2009-09-04,2.51
818,2009-09-11,2.44
819,2009-09-18,2.46
820,2009-09-25,2.36
821,2009-10-02,2.36
822,2009-10-09,2.42
823,2009-10-16,2.46
824,2009-10-23,2.47
825,2009-10-30,2.51
826,2009-11-06,2.68
827,2009-11-13,2.61
828,2009-11-20,2.61
829,2009-11-27,2.53
830,2009-12-04,2.64
831,2009-12-11,2.72
832,2009-12-18,2.73
833,2009-12-25,2.82
834,2010-01-01,2.71
835,2010-01-08,2.87
836,2010-01-15,2.81
837,2010-01-22,2.78
838,2010-01-29,2.81
839,2010-02-05,2.82
840,2010-02-12,2.85
841,2010-02-19,2.83
842,2010-02-26,2.8
843,2010-03-05,2.78
844,2010-03-12,2.74
845,2010-03-19,2.68
846,2010-03-26,2.82
847,2010-04-02,2.85
848,2010-04-09,2.82
849,2010-04-16,2.81
850,2010-04-23,2.74
851,2010-04-30,2.72
852,2010-05-07,2.62
853,2010-05-14,2.65
854,2010-05-21,2.44
855,2010-05-28,2.55
856,2010-06-04,2.48
857,2010-06-11,2.49
858,2010-06-18,2.5
859,2010-06-25,2.47
860,2010-07-02,2.37
861,2010-07-09,2.44
862,2010-07-16,2.35
863,2010-07-23,2.42
864,2010-07-30,2.39
865,2010-08-06,2.36
866,2010-08-13,2.14
867,2010-08-20,2.13
868,2010-08-27,2.1
869,2010-09-03,2.2
870,2010-09-10,2.23
871,2010-09-17,2.27
872,2010-09-24,2.17
873,2010-10-01,2.12
874,2010-10-08,2.06
875,2010-10-15,2.22
876,2010-10-22,2.24
877,2010-10-29,2.29
878,2010-11-05,2.2
879,2010-11-12,2.25
880,2010-11-19,2.36
881,2010-11-26,2.36
882,2010-12-03,2.54
883,2010-12-10,2.68
884,2010-12-17,2.72
885,2010-12-24,2.74
886,2010-12-31,2.69
887,2011-01-07,2.74
888,2011-01-14,2.76
889,2011-01-21,2.81
890,2011-01-28,2.82
891,2011-02-04,2.91
892,2011-02-11,2.79
893,2011-02-18,2.81
894,2011-02-25,2.7
895,2011-03-04,2.81
896,2011-03-11,2.76
897,2011-03-18,2.67
898,2011-03-25,2.67
899,2011-04-01,2.66
900,2011-04-08,2.76
901,2011-04-15,2.72
902,2011-04-22,2.74
903,2011-04-29,2.71
904,2011-05-06,2.62
905,2011-05-13,2.61
906,2011-05-20,2.6
907,2011-05-27,2.59
908,2011-06-03,2.57
909,2011-06-10,2.58
910,2011-06-17,2.56
911,2011-06-24,2.53
912,2011-07-01,2.72
913,2011-07-08,2.63
914,2011-07-15,2.57
915,2011-07-22,2.59
916,2011-07-29,2.46
917,2011-08-05,2.3
918,2011-08-12,2.04
919,2011-08-19,1.87
920,2011-08-26,1.99
921,2011-09-02,1.82
922,2011-09-09,1.76
923,2011-09-16,1.9
924,2011-09-23,1.61
925,2011-09-30,1.67
926,2011-10-07,1.8
927,2011-10-14,1.98
928,2011-10-21,1.93
929,2011-10-28,2.06
930,2011-11-04,1.84
931,2011-11-11,1.8
932,2011-11-18,1.72
933,2011-11-25,1.69
934,2011-12-02,1.8
935,2011-12-09,1.85
936,2011-12-16,1.62
937,2011-12-23,1.75
938,2011-12-30,1.64
939,2012-01-06,1.73
940,2012-01-13,1.65
941,2012-01-20,1.79
942,2012-01-27,1.71
943,2012-02-03,1.74
944,2012-02-10,1.69
945,2012-02-17,1.72
946,2012-02-24,1.67
947,2012-03-02,1.71
948,2012-03-09,1.71
949,2012-03-16,1.94
950,2012-03-23,1.88
951,2012-03-30,1.9
952,2012-04-06,1.75
953,2012-04-13,1.75
954,2012-04-20,1.7
955,2012-04-27,1.7
956,2012-05-04,1.64
957,2012-05-11,1.57
958,2012-05-18,1.39
959,2012-05-25,1.45
960,2012-06-01,1.22
961,2012-06-08,1.37
962,2012-06-15,1.31
963,2012-06-22,1.38
964,2012-06-29,1.34
965,2012-07-06,1.3
966,2012-07-13,1.27
967,2012-07-20,1.27
968,2012-07-27,1.33
969,2012-08-03,1.36
970,2012-08-10,1.38
971,2012-08-17,1.52
972,2012-08-24,1.4
973,2012-08-31,1.35
974,2012-09-07,1.42
975,2012-09-14,1.61
976,2012-09-21,1.5
977,2012-09-28,1.42
978,2012-10-05,1.48
979,2012-10-12,1.42
980,2012-10-19,1.49
981,2012-10-26,1.48
982,2012-11-02,1.47
983,2012-11-09,1.34
984,2012-11-16,1.34
985,2012-11-23,1.41
986,2012-11-30,1.37
987,2012-12-07,1.39
988,2012-12-14,1.48
989,2012-12-21,1.51
990,2012-12-28,1.46
991,2013-01-04,1.66
992,2013-01-11,1.63
993,2013-01-18,1.61
994,2013-01-25,1.7
995,2013-02-01,1.77
996,2013-02-08,1.74
997,2013-02-15,1.72
998,2013-02-22,1.7
999,2013-03-01,1.61
1000,2013-03-08,1.79
1001,2013-03-15,1.76
1002,2013-03-22,1.67
1003,2013-03-29,1.62
1004,2013-04-05,1.48
1005,2013-04-12,1.53
1006,2013-04-19,1.49
1007,2013-04-26,1.48
1008,2013-05-03,1.56
1009,2013-05-10,1.64
1010,2013-05-17,1.69
1011,2013-05-24,1.75
1012,2013-05-31,1.86
1013,2013-06-07,1.85
1014,2013-06-14,1.85
1015,2013-06-21,2.14
1016,2013-06-28,2.16
1017,2013-07-05,2.33
1018,2013-07-12,2.24
1019,2013-07-19,2.18
1020,2013-07-26,2.27
1021,2013-08-02,2.33
1022,2013-08-09,2.25
1023,2013-08-16,2.48
1024,2013-08-23,2.42
1025,2013-08-30,2.39
1026,2013-09-06,2.48
1027,2013-09-13,2.45
1028,2013-09-20,2.41
1029,2013-09-27,2.3
1030,2013-10-04,2.33
1031,2013-10-11,2.35
1032,2013-10-18,2.27
1033,2013-10-25,2.21
1034,2013-11-01,2.32
1035,2013-11-08,2.45
1036,2013-11-15,2.4
1037,2013-11-22,2.44
1038,2013-11-29,2.47
1039,2013-12-06,2.58
1040,2013-12-13,2.54
1041,2013-12-20,2.52
1042,2013-12-27,2.62
1043,2014-01-03,2.6
1044,2014-01-10,2.49
1045,2014-01-17,2.44
1046,2014-01-24,2.38
1047,2014-01-31,2.33
1048,2014-02-07,2.41
1049,2014-02-14,2.43
1050,2014-02-21,2.4
1051,2014-02-28,2.33
1052,2014-03-07,2.42
1053,2014-03-14,2.29
1054,2014-03-21,2.3
1055,2014-03-28,2.28
1056,2014-04-04,2.31
1057,2014-04-11,2.26
1058,2014-04-18,2.3
1059,2014-04-25,2.25
1060,2014-05-02,2.18
1061,2014-05-09,2.22
1062,2014-05-16,2.14
1063,2014-05-23,2.17
1064,2014-05-30,2.11
1065,2014-06-06,2.19
1066,2014-06-13,2.15
1067,2014-06-20,2.13
1068,2014-06-27,2.09
1069,2014-07-04,2.13
1070,2014-07-11,2.05
1071,2014-07-18,1.99
1072,2014-07-25,1.95
1073,2014-08-01,2.05
1074,2014-08-08,1.99
1075,2014-08-15,1.92
1076,2014-08-22,1.87
1077,2014-08-29,1.87
1078,2014-09-05,1.94
1079,2014-09-12,2.04
1080,2014-09-19,2.0
1081,2014-09-26,1.95
1082,2014-10-03,1.88
1083,2014-10-10,1.86
1084,2014-10-17,1.83
1085,2014-10-24,1.88
1086,2014-10-31,1.85
1087,2014-11-07,1.81
1088,2014-11-14,1.78
1089,2014-11-21,1.78
1090,2014-11-28,1.71
1091,2014-12-05,1.66
1092,2014-12-12,1.54
1093,2014-12-19,1.5
1094,2014-12-26,1.52
1095,2015-01-02,1.46
1096,2015-01-09,1.39
1097,2015-01-16,1.34
1098,2015-01-23,1.29
1099,2015-01-30,1.21
1100,2015-02-06,1.3
1101,2015-02-13,1.36
1102,2015-02-20,1.46
1103,2015-02-27,1.37
1104,2015-03-06,1.51
1105,2015-03-13,1.45
1106,2015-03-20,1.33
1107,2015-03-27,1.37
1108,2015-04-03,1.36
1109,2015-04-10,1.39
1110,2015-04-17,1.36
1111,2015-04-24,1.39
1112,2015-05-01,1.52
1113,2015-05-08,1.57
1114,2015-05-15,1.59
1115,2015-05-22,1.57
1116,2015-05-29,1.51
1117,2015-06-05,1.68
1118,2015-06-12,1.65
1119,2015-06-19,1.61
1120,2015-06-26,1.77
1121,2015-07-03,1.76
1122,2015-07-10,1.77
1123,2015-07-17,1.66
1124,2015-07-24,1.57
1125,2015-07-31,1.53
1126,2015-08-07,1.45
1127,2015-08-14,1.47
1128,2015-08-21,1.41
1129,2015-08-28,1.47
1130,2015-09-04,1.42
1131,2015-09-11,1.49
1132,2015-09-18,1.44
1133,2015-09-25,1.47
1134,2015-10-02,1.41
1135,2015-10-09,1.47
1136,2015-10-16,1.43
1137,2015-10-23,1.43
1138,2015-10-30,1.41
1139,2015-11-06,1.44
1140,2015-11-13,1.42
1141,2015-11-20,1.33
1142,2015-11-27,1.3
1143,2015-12-04,1.32
1144,2015-12-11,1.25
1145,2015-12-18,1.22
1146,2015-12-25,1.22
1147,2016-01-01,1.21
1148,2016-01-08,1.19
1149,2016-01-15,1.18
1150,2016-01-22,1.19
1151,2016-01-29,1.18
1152,2016-02-05,1.12
1153,2016-02-12,1.03
1154,2016-02-19,1.0
1155,2016-02-26,0.96
1156,2016-03-04,1.0
1157,2016-03-11,1.01
1158,2016-03-18,1.04
1159,2016-03-25,1.02
1160,2016-04-01,1.03
1161,2016-04-08,1.02
1162,2016-04-15,1.02
1163,2016-04-22,1.05
1164,2016-04-29,1.06
1165,2016-05-06,1.05
1166,2016-05-13,0.95
1167,2016-05-20,0.96
1168,2016-05-27,0.95
1169,2016-06-03,0.93
1170,2016-06-10,0.91
1171,2016-06-17,0.92
1172,2016-06-24,0.93
1173,2016-07-01,0.87
1174,2016-07-08,0.76
1175,2016-07-15,0.89
1176,2016-07-22,0.86
1177,2016-07-29,0.79
1178,2016-08-05,0.87
1179,2016-08-12,0.8
1180,2016-08-19,0.82
1181,2016-08-26,0.78
1182,2016-09-02,0.8
1183,2016-09-09,0.88
1184,2016-09-16,0.93
1185,2016-09-23,0.85
1186,2016-09-30,0.83
1187,2016-10-07,0.9
1188,2016-10-14,0.96
1189,2016-10-21,0.9
1190,2016-10-28,1.0
1191,2016-11-04,0.99
1192,2016-11-11,1.23
1193,2016-11-18,1.27
1194,2016-11-25,1.24
1195,2016-12-02,1.29
1196,2016-12-09,1.32
1197,2016-12-16,1.32
1198,2016-12-23,1.33
1199,2016-12-30,1.25
1200,2017-01-06,1.2
1201,2017-01-13,1.19
1202,2017-01-20,1.28
1203,2017-01-27,1.27
1204,2017-02-03,1.28
1205,2017-02-10,1.21
1206,2017-02-17,1.21
1207,2017-02-24,1.19
1208,2017-03-03,1.17
1209,2017-03-10,1.22
1210,2017-03-17,1.17
1211,2017-03-24,1.14
1212,2017-03-31,1.13
1213,2017-04-07,1.09
1214,2017-04-14,1.03
1215,2017-04-21,1.04
1216,2017-04-28,1.01
1217,2017-05-05,1.04
1218,2017-05-12,1.04
1219,2017-05-19,0.95
1220,2017-05-26,0.95
1221,2017-06-02,0.87
1222,2017-06-09,0.86
1223,2017-06-16,0.84
1224,2017-06-23,0.81
1225,2017-06-30,0.93
1226,2017-07-07,0.99
1227,2017-07-14,0.98
1228,2017-07-21,0.88
1229,2017-07-28,0.96
1230,2017-08-04,0.91
1231,2017-08-11,0.89
1232,2017-08-18,0.86
1233,2017-08-25,0.82
1234,2017-09-01,0.81
1235,2017-09-08,0.79
1236,2017-09-15,0.81
1237,2017-09-22,0.8
1238,2017-09-29,0.86
1239,2017-10-06,0.83
1240,2017-10-13,0.77
1241,2017-10-20,0.79
1242,2017-10-27,0.83
1243,2017-11-03,0.71
1244,2017-11-10,0.73
1245,2017-11-17,0.62
1246,2017-11-24,0.59
1247,2017-12-01,0.59
1248,2017-12-08,0.58
1249,2017-12-15,0.51
1250,2017-12-22,0.57
1251,2017-12-29,0.51
1252,2018-01-05,0.51
1253,2018-01-12,0.56
1254,2018-01-19,0.58
1255,2018-01-26,0.53
1256,2018-02-02,0.69
1257,2018-02-09,0.78
1258,2018-02-16,0.66
1259,2018-02-23,0.63
1260,2018-03-02,0.61
1261,2018-03-09,0.63
1262,2018-03-16,0.54
1263,2018-03-23,0.54
1264,2018-03-30,0.47
1265,2018-04-06,0.5
1266,2018-04-13,0.45
1267,2018-04-20,0.5
1268,2018-04-27,0.47
1269,2018-05-04,0.44
1270,2018-05-11,0.43
1271,2018-05-18,0.51
1272,2018-05-25,0.45
1273,2018-06-01,0.42
1274,2018-06-08,0.43
1275,2018-06-15,0.38
1276,2018-06-22,0.34
1277,2018-06-29,0.33
1278,2018-07-06,0.29
1279,2018-07-13,0.24
1280,2018-07-20,0.29
1281,2018-07-27,0.29
1282,2018-08-03,0.32
1283,2018-08-10,0.26
1284,2018-08-17,0.26
1285,2018-08-24,0.19
1286,2018-08-31,0.24
1287,2018-09-07,0.23
1288,2018-09-14,0.21
1289,2018-09-21,0.26
1290,2018-09-28,0.24
1291,2018-10-05,0.35
1292,2018-10-12,0.3
1293,2018-10-19,0.28
1294,2018-10-26,0.27
1295,2018-11-02,0.31
1296,2018-11-09,0.25
1297,2018-11-16,0.27
1298,2018-11-23,0.24
1299,2018-11-30,0.21
1300,2018-12-07,0.13
1301,2018-12-14,0.16
1302,2018-12-21,0.16
1303,2018-12-28,0.2
1304,2019-01-04,0.17
1305,2019-01-11,0.16
1306,2019-01-18,0.17
1307,2019-01-25,0.16
1308,2019-02-01,0.18
1309,2019-02-08,0.18
1310,2019-02-15,0.14
1311,2019-02-22,0.17
1312,2019-03-01,0.21
1313,2019-03-08,0.17
1314,2019-03-15,0.16
1315,2019-03-22,0.13
1316,2019-03-29,0.14
1317,2019-04-05,0.15
1318,2019-04-12,0.16
1319,2019-04-19,0.19
1320,2019-04-26,0.23
1321,2019-05-03,0.21
1322,2019-05-10,0.21
1323,2019-05-17,0.19
1324,2019-05-24,0.16
1325,2019-05-31,0.19
1326,2019-06-07,0.24
1327,2019-06-14,0.25
1328,2019-06-21,0.3
1329,2019-06-28,0.25
1330,2019-07-05,0.17
1331,2019-07-12,0.28
1332,2019-07-19,0.25
1333,2019-07-26,0.22
1334,2019-08-02,0.14
1335,2019-08-09,0.11
1336,2019-08-16,0.07
1337,2019-08-23,0.01
1338,2019-08-30,0.0
1339,2019-09-06,0.02
1340,2019-09-13,0.11
1341,2019-09-20,0.05
1342,2019-09-27,0.06
1343,2019-10-04,0.12
1344,2019-10-11,0.13
1345,2019-10-18,0.18
1346,2019-10-25,0.17
1347,2019-11-01,0.17
1348,2019-11-08,0.26
1349,2019-11-15,0.23
1350,2019-11-22,0.16
1351,2019-11-29,0.17
1352,2019-12-06,0.23
1353,2019-12-13,0.21
1354,2019-12-20,0.29
1355,2019-12-27,0.29
1356,2020-01-03,0.27
1357,2020-01-10,0.27
1358,2020-01-17,0.26
1359,2020-01-24,0.21
1360,2020-01-31,0.18
1361,2020-02-07,0.18
1362,2020-02-14,0.17
1363,2020-02-21,0.12
1364,2020-02-28,0.27
1365,2020-03-06,0.25
1366,2020-03-13,0.45
1367,2020-03-20,0.55
1368,2020-03-27,0.47
1369,2020-04-03,0.39
1370,2020-04-10,0.5
1371,2020-04-17,0.45
1372,2020-04-24,0.38
1373,2020-05-01,0.44
1374,2020-05-08,0.53
1375,2020-05-15,0.48
1376,2020-05-22,0.49
1377,2020-05-29,0.49
1378,2020-06-05,0.69
1379,2020-06-12,0.52
1380,2020-06-19,0.51
1381,2020-06-26,0.47
1382,2020-07-03,0.52
1383,2020-07-10,0.49
1384,2020-07-17,0.5
1385,2020-07-24,0.45
1386,2020-07-31,0.44
1387,2020-08-07,0.44
1388,2020-08-14,0.57
1389,2020-08-21,0.48
1390,2020-08-28,0.6
1391,2020-09-04,0.58
1392,2020-09-11,0.54
1393,2020-09-18,0.56
1394,2020-09-25,0.54
1395,2020-10-02,0.57
1396,2020-10-09,0.63
1397,2020-10-16,0.62
1398,2020-10-23,0.67
1399,2020-10-30,0.74
1400,2020-11-06,0.67
1401,2020-11-13,0.72
1402,2020-11-20,0.67
1403,2020-11-27,0.68
1404,2020-12-04,0.81
1405,2020-12-11,0.79
1406,2020-12-18,0.82
1407,2020-12-25,0.81
1408,2021-01-01,0.8
1409,2021-01-08,0.99
1410,2021-01-15,0.98
1411,2021-01-22,0.97
1412,2021-01-29,1.0
1413,2021-02-05,1.1
1414,2021-02-12,1.09
1415,2021-02-19,1.23
1416,2021-02-26,1.3
1417,2021-03-05,1.42
1418,2021-03-12,1.5
1419,2021-03-19,1.58
1420,2021-03-26,1.53
1421,2021-04-02,1.53
1422,2021-04-09,1.51
1423,2021-04-16,1.43
1424,2021-04-23,1.42
1425,2021-04-30,1.49
1426,2021-05-07,1.46
1427,2021-05-14,1.47
1428,2021-05-21,1.46
1429,2021-05-28,1.44
1430,2021-06-04,1.42
1431,2021-06-11,1.31
1432,2021-06-18,1.19
1433,2021-06-25,1.26
1434,2021-07-02,1.2
1435,2021-07-09,1.14
1436,2021-07-16,1.06
1437,2021-07-23,1.08
1438,2021-07-30,1.05
1439,2021-08-06,1.1
1440,2021-08-13,1.06
1441,2021-08-20,1.03
1442,2021-08-27,1.09
1443,2021-09-03,1.12
1444,2021-09-10,1.12
1445,2021-09-17,1.14
1446,2021-09-24,1.18
1447,2021-10-01,1.21
1448,2021-10-08,1.29
1449,2021-10-15,1.18
1450,2021-10-22,1.18
1451,2021-10-29,1.07
1452,2021-11-05,1.06
1453,2021-11-12,1.05
1454,2021-11-19,1.02
1455,2021-11-26,0.98
1456,2021-12-03,0.75
1457,2021-12-10,0.81
1458,2021-12-17,0.75
1459,2021-12-24,0.79
1460,2021-12-31,0.79
1461,2022-01-07,0.89
1462,2022-01-14,0.79
1463,2022-01-21,0.74
1464,2022-01-28,0.63
1465,2022-02-04,0.62
1466,2022-02-11,0.42
1467,2022-02-18,0.45
1468,2022-02-25,0.42
1469,2022-03-04,0.24
1470,2022-03-11,0.25
1471,2022-03-18,0.17
1472,2022-03-25,0.18
1473,2022-04-01,-0.05
1474,2022-04-08,0.19
1475,2022-04-15,0.36
1476,2022-04-22,0.18
1477,2022-04-29,0.19
1478,2022-05-06,0.4
1479,2022-05-13,0.32
1480,2022-05-20,0.18
1481,2022-05-27,0.27
1482,2022-06-03,0.3
1483,2022-06-10,0.09
1484,2022-06-17,0.08
1485,2022-06-24,0.09
1486,2022-07-01,0.04
1487,2022-07-08,-0.03
1488,2022-07-15,-0.2
1489,2022-07-22,-0.21
1490,2022-07-29,-0.22
1491,2022-08-05,-0.41
1492,2022-08-12,-0.41
1493,2022-08-19,-0.27
1494,2022-08-26,-0.33
1495,2022-09-02,-0.2
1496,2022-09-09,-0.23
1497,2022-09-16,-0.4
1498,2022-09-23,-0.51
1499,2022-09-30,-0.39
1500,2022-10-07,-0.41
1501,2022-10-14,-0.48
1502,2022-10-21,-0.28
1503,2022-10-28,-0.39
1504,2022-11-04,-0.49
1505,2022-11-11,-0.52
1506,2022-11-18,-0.69
1507,2022-11-25,-0.74
1508,2022-12-02,-0.77
1509,2022-12-09,-0.76
1510,2022-12-16,-0.69
1511,2022-12-23,-0.56
1512,2022-12-30,-0.53
1513,2023-01-06,-0.69
1514,2023-01-13,-0.73
1515,2023-01-20,-0.66
1516,2023-01-27,-0.67
1517,2023-02-03,-0.77
1518,2023-02-10,-0.76
1519,2023-02-17,-0.78
1520,2023-02-24,-0.83
1521,2023-03-03,-0.89
1522,2023-03-10,-0.9
1523,2023-03-17,-0.42
1524,2023-03-24,-0.38
1525,2023-03-31,-0.58
1526,2023-04-07,-0.58
1527,2023-04-14,-0.56
1528,2023-04-21,-0.6
1529,2023-04-28,-0.6
1530,2023-05-05,-0.48
1531,2023-05-12,-0.52
1532,2023-05-19,-0.58
1533,2023-05-26,-0.74
1534,2023-06-02,-0.81
1535,2023-06-09,-0.84
1536,2023-06-16,-0.93
1537,2023-06-23,-0.97
1538,2023-06-30,-1.06
1539,2023-07-07,-0.88
1540,2023-07-14,-0.91
1541,2023-07-21,-0.98
1542,2023-07-28,-0.91
1543,2023-08-04,-0.73
1544,2023-08-11,-0.73
1545,2023-08-18,-0.66
1546,2023-08-25,-0.78
1547,2023-09-01,-0.69
1548,2023-09-08,-0.72
1549,2023-09-15,-0.69
1550,2023-09-22,-0.66
1551,2023-09-29,-0.44
1552,2023-10-06,-0.3
1553,2023-10-13,-0.41
1554,2023-10-20,-0.14
1555,2023-10-27,-0.15
1556,2023-11-03,-0.26
1557,2023-11-10,-0.43
1558,2023-11-17,-0.44
1559,2023-11-24,-0.45
1560,2023-12-01,-0.34
1561,2023-12-08,-0.48
1562,2023-12-15,-0.53
1563,2023-12-22,-0.41
1564,2023-12-29,-0.35
